INSERT INTO am_user VALUES ('4028d98139636d9d013963783d60007c', 'admin', 'admin', NULL, NULL, NULL, NULL, 'ganjp123', NULL, NULL, 'ganjpxm@gmail.com', NULL, NULL, NULL, NULL, '2012-8-26 23:06:28', '2012-9-5 23:53:14', '0');
INSERT INTO am_user VALUES ('4028d98139943adc013994511cda0109', 'manager', 'manager', NULL, NULL, NULL, NULL, 'ganjp', NULL, NULL, 'ganjp_xm@hotmail.com', NULL, NULL, NULL, NULL, '2012-9-5 10:45:07', '2012-9-5 10:45:07', '0');
INSERT INTO am_user VALUES ('4028d98139943adc01399452b06e011a', 'guest', 'guest', NULL, NULL, NULL, NULL, '1', NULL, NULL, 'ganjp_xm@sina.com', NULL, NULL, NULL, NULL, '2012-9-5 10:46:50', '2012-9-5 10:47:05', '0');
INSERT INTO am_user VALUES ('4028d9813994f9220139958a26740081', 'ganjp', 'Jonny Gan', NULL, NULL, NULL, NULL, '1', NULL, NULL, 'ganjpxm@163.com', NULL, NULL, 'Jonny Gan', 'Jonny Gan', '2012-9-5 16:27:02', '2012-9-6 00:59:36', '0');
INSERT INTO am_user VALUES ('4028d98139974ef6013997548371001c', 'xiaogan', 'xiaogan', NULL, NULL, NULL, NULL, '1', NULL, NULL, 'johnnyxm@gmail.com', NULL, NULL, NULL, NULL, '2012-9-6 00:47:41', '2012-9-6 00:47:41', '0');

INSERT INTO am_role VALUES ('4028d98139636d9d01396370224d0006', '00', 'Administrator', NULL, '2012-8-26 22:57:36', '2012-8-26 23:02:50', '0');
INSERT INTO am_role VALUES ('4028d98139636d9d01396371168b0008', '02', 'Premium Member', NULL, '2012-8-26 22:58:39', '2012-9-5 10:24:56', '0');
INSERT INTO am_role VALUES ('4028d98139636d9d01396372f89c000b', '03', 'Regular Member', NULL, '2012-8-26 23:00:42', '2012-9-5 10:25:18', '0');
INSERT INTO am_role VALUES ('4028d98139636d9d013963756ccc0024', '04', 'Guest', NULL, '2012-8-26 23:03:23', '2012-9-5 10:25:30', '0');
INSERT INTO am_role VALUES ('4028d98139943adc0139943e5fa60040', '01', 'Manager', NULL, '2012-9-5 10:24:39', '2012-9-5 10:28:04', '0');

INSERT INTO am_user_role VALUES ('4028d98139943adc01399440d0400068', '4028d98139636d9d01396370224d0006', '4028d98139636d9d013963783d60007c', '2012-9-5 10:27:19', '2012-9-5 10:27:19', '0');
INSERT INTO am_user_role VALUES ('4028d98139943adc01399440d0470069', '4028d98139943adc0139943e5fa60040', '4028d98139636d9d013963783d60007c', '2012-9-5 10:27:19', '2012-9-5 10:27:19', '0');
INSERT INTO am_user_role VALUES ('4028d98139943adc01399440d04d006a', '4028d98139636d9d01396371168b0008', '4028d98139636d9d013963783d60007c', '2012-9-5 10:27:19', '2012-9-5 10:27:19', '0');
INSERT INTO am_user_role VALUES ('4028d98139943adc01399440d054006b', '4028d98139636d9d01396372f89c000b', '4028d98139636d9d013963783d60007c', '2012-9-5 10:27:19', '2012-9-5 10:27:19', '0');
INSERT INTO am_user_role VALUES ('4028d98139943adc01399440d05a006c', '4028d98139636d9d013963756ccc0024', '4028d98139636d9d013963783d60007c', '2012-9-5 10:27:19', '2012-9-5 10:27:19', '0');
INSERT INTO am_user_role VALUES ('4028d98139943adc013994511cf9010a', '4028d98139943adc0139943e5fa60040', '4028d98139943adc013994511cda0109', '2012-9-5 10:45:07', '2012-9-5 10:45:07', '0');
INSERT INTO am_user_role VALUES ('4028d98139943adc013994511d08010b', '4028d98139636d9d01396371168b0008', '4028d98139943adc013994511cda0109', '2012-9-5 10:45:07', '2012-9-5 10:45:07', '0');
INSERT INTO am_user_role VALUES ('4028d98139943adc013994511d1e010c', '4028d98139636d9d01396372f89c000b', '4028d98139943adc013994511cda0109', '2012-9-5 10:45:07', '2012-9-5 10:45:07', '0');
INSERT INTO am_user_role VALUES ('4028d98139943adc013994511d34010d', '4028d98139636d9d013963756ccc0024', '4028d98139943adc013994511cda0109', '2012-9-5 10:45:07', '2012-9-5 10:45:07', '0');
INSERT INTO am_user_role VALUES ('4028d98139943adc01399452eacf012b', '4028d98139636d9d013963756ccc0024', '4028d98139943adc01399452b06e011a', '2012-9-5 10:47:05', '2012-9-5 10:47:05', '0');
INSERT INTO am_user_role VALUES ('4028d9813994f9220139958a271f0082', '4028d98139636d9d013963756ccc0024', '4028d9813994f9220139958a26740081', '2012-9-5 16:27:02', '2012-9-5 16:27:02', '0');
INSERT INTO am_user_role VALUES ('4028d98139974ef60139975483ea001d', '4028d98139636d9d013963756ccc0024', '4028d98139974ef6013997548371001c', '2012-9-6 00:47:42', '2012-9-6 00:47:42', '0');

INSERT INTO bm_config VALUES ('4028d98139593d620139593d62980000', 'emailHost', '电子邮箱服务器', 'mail.163.com', '', 'zh_CN', '2012-8-24 23:25:58', '2012-8-24 23:25:59', '0');
INSERT INTO bm_config VALUES ('4028d98139593d62013959466f450003', 'emailHost', 'Email Host', 'mail.163.com', '', 'en_SG', '2012-8-24 23:35:51', '2012-8-26 21:07:52', '0');

INSERT INTO bm_param VALUES ('4028d981395d850201395d8e22330010', '0001', 'Management Console', '00', 'Menu Category', 1, 'en_SG', '2012-8-25 19:32:39', '2012-8-25 19:41:17', '0');
INSERT INTO bm_param VALUES ('4028d981395d850201395d8f702e0012', '0001', '管理控制台', '00', '菜单类型', 1, 'zh_CN', '2012-8-25 19:34:05', '2012-8-25 19:34:05', '0');
INSERT INTO bm_param VALUES ('4028d981395d850201395d93a4f00017', '0002', '主页菜单', '00', '菜单类型', 2, 'zh_CN', '2012-8-25 19:38:40', '2012-8-25 19:38:40', '0');
INSERT INTO bm_param VALUES ('4028d981395d850201395d94545e001b', '0002', 'Home Menu', '00', 'Menu Category', 2, 'en_SG', '2012-8-25 19:39:25', '2012-8-25 19:39:25', '0');
INSERT INTO bm_param VALUES ('4028d981398ca6b201398cde655a00a3', '0003', 'Home Link Set', '00', 'Menu Category', 3, 'en_SG', '2012-9-4 00:02:28', '2012-9-4 00:02:28', '0');
INSERT INTO bm_param VALUES ('4028d981398ca6b201398cdf058200a9', '0003', '外网链接集', '00', '菜单类型', 3, 'zh_CN', '2012-9-4 00:03:09', '2012-9-4 00:03:09', '0');

INSERT INTO bm_menu VALUES ('4028d981395e110901395e22f02d0008', '', '0101', '参数管理', '', '', 1, 1, '0', '4028d981395d850201395d8f702e0012', 'zh_CN', NULL, '2012-9-3 20:05:04', '2012-8-25 22:15:11', '0');
INSERT INTO bm_menu VALUES ('4028d981395e110901395e26472c000a', '', '0102', '用户管理', '', '', 1, 2, '0', '4028d981395d850201395d8f702e0012', 'zh_CN', NULL, '2012-9-3 20:05:09', '2012-8-25 22:18:50', '0');
INSERT INTO bm_menu VALUES ('4028d981395e110901395e26cea8000d', '', '0103', '菜单管理', '', '', 1, 3, '0', '4028d981395d850201395d8f702e0012', 'zh_CN', NULL, '2012-9-3 20:05:13', '2012-8-25 22:19:25', '0');
INSERT INTO bm_menu VALUES ('4028d981396133f201396139d2600025', '4028d981395e110901395e22f02d0008', '010101', '系统参数配置', '', '/bmConfig?menuId=4028d981396133f201396139d2600025', 2, 1, '0', '4028d981395d850201395d8f702e0012', 'zh_CN', NULL, '2012-9-3 20:05:18', '2012-8-26 12:39:03', '0');
INSERT INTO bm_menu VALUES ('4028d981396133f20139613a4c79002c', '4028d981395e110901395e22f02d0008', '010102', '应用参数配置', '', '/bmParam?menuId=4028d981396133f20139613a4c79002c', 2, 2, '0', '4028d981395d850201395d8f702e0012', 'zh_CN', NULL, '2012-9-3 20:05:23', '2012-8-26 12:39:34', '0');
INSERT INTO bm_menu VALUES ('4028d981396133f201396144d571006e', '4028d981395e110901395e26472c000a', '010201', '角色配置', '', '/amRole?menuId=4028d981396133f201396144d571006e', 2, 1, '0', '4028d981395d850201395d8f702e0012', 'zh_CN', NULL, '2012-9-3 20:05:29', '2012-8-26 12:51:04', '0');
INSERT INTO bm_menu VALUES ('4028d981396133f201396149ee0f0096', '4028d981395e110901395e26472c000a', '010202', '用户注册', '', '/amUser?menuId=4028d981396133f201396149ee0f0096', 2, 2, '0', '4028d981395d850201395d8f702e0012', 'zh_CN', NULL, '2012-9-3 20:05:33', '2012-8-26 12:56:38', '0');
INSERT INTO bm_menu VALUES ('4028d981396133f20139614d248e00a2', '4028d981395e110901395e26cea8000d', '010301', '菜单配置', '', '/bmMenu?menuId=4028d981396133f20139614d248e00a2', 2, 1, '0', '4028d981395d850201395d8f702e0012', 'zh_CN', NULL, '2012-9-3 20:05:42', '2012-8-26 13:00:09', '0');
INSERT INTO bm_menu VALUES ('4028d981396133f20139614f6c3600de', '4028d981395e110901395e26cea8000d', '010302', '角色与菜单', '', '/amRoleMenu?menuId=4028d981396133f20139614f6c3600de', 2, 2, '0', '4028d981395d850201395d8f702e0012', 'zh_CN', NULL, '2012-9-3 20:05:46', '2012-8-26 13:02:38', '0');
INSERT INTO bm_menu VALUES ('4028d981396133f201396151b4c200f7', '', '0201', '主页', '', '/home?menuId=4028d981396133f201396151b4c200f7', 1, 1, '0', '4028d981395d850201395d93a4f00017', 'zh_CN', NULL, '2012-9-3 20:06:17', '2012-8-26 13:05:08', '0');
INSERT INTO bm_menu VALUES ('4028d981396133f201396153a3050104', '', '0202', '百科', '', '/baike?menuId=4028d981396133f201396153a3050104', 1, 2, '0', '4028d981395d850201395d93a4f00017', 'zh_CN', NULL, '2012-9-3 20:06:26', '2012-8-26 13:07:14', '0');
INSERT INTO bm_menu VALUES ('4028d981396133f20139615566390112', '', '0203', '计算机', '', '/computer?menuId=4028d981396133f20139615566390112', 1, 3, '0', '4028d981395d850201395d93a4f00017', 'zh_CN', NULL, '2012-9-3 20:06:37', '2012-8-26 13:09:10', '0');
INSERT INTO bm_menu VALUES ('4028d981396133f201396155c1360121', '', '0204', '英语学习', '', '/englishStudy?menuId=4028d981396133f201396155c1360121', 1, 4, '0', '4028d981395d850201395d93a4f00017', 'zh_CN', NULL, '2012-9-3 20:06:42', '2012-8-26 13:09:33', '0');
INSERT INTO bm_menu VALUES ('4028d981396133f201396156cddb0142', '', '0205', '音乐', '', '/music?menuId=4028d981396133f201396156cddb0142', 1, 5, '0', '4028d981395d850201395d93a4f00017', 'zh_CN', NULL, '2012-9-3 20:06:45', '2012-8-26 13:10:42', '0');
INSERT INTO bm_menu VALUES ('4028d981396133f201396159703b0155', '', '0101', 'Param Management', '', '', 1, 1, '0', '4028d981395d850201395d8e22330010', 'en_SG', NULL, '2012-9-3 20:06:51', '2012-8-26 13:13:35', '0');
INSERT INTO bm_menu VALUES ('4028d981396133f201396159d1570159', '', '0102', 'User Management', '', '', 1, 2, '0', '4028d981395d850201395d8e22330010', 'en_SG', NULL, '2012-9-3 20:06:54', '2012-8-26 13:13:59', '0');
INSERT INTO bm_menu VALUES ('4028d981396133f20139615a3dce015e', '', '0103', 'Menu Management', '', '', 1, 3, '0', '4028d981395d850201395d8e22330010', 'en_SG', NULL, '2012-9-3 20:06:57', '2012-8-26 13:14:27', '0');
INSERT INTO bm_menu VALUES ('4028d981396133f20139615c660a0175', '4028d981396133f201396159703b0155', '010101', 'System Param', '', '/bmConfig?menuId=4028d981396133f20139615c660a0175', 2, 1, '0', '4028d981395d850201395d8e22330010', 'en_SG', NULL, '2012-9-3 20:07:01', '2012-8-26 13:16:49', '0');
INSERT INTO bm_menu VALUES ('4028d981396133f20139615d35420185', '4028d981396133f201396159703b0155', '010102', 'Application Param', '', '/bmParam?menuId=4028d981396133f20139615d35420185', 2, 2, '0', '4028d981395d850201395d8e22330010', 'en_SG', NULL, '2012-9-3 20:07:04', '2012-8-26 13:17:42', '0');
INSERT INTO bm_menu VALUES ('4028d981396133f20139615e3d8d018d', '4028d981396133f201396159d1570159', '010201', 'Role Configuration', '', '/amRole?menuId=4028d981396133f20139615e3d8d018d', 2, 1, '0', '4028d981395d850201395d8e22330010', 'en_SG', NULL, '2012-9-3 20:07:06', '2012-8-26 13:18:49', '0');
INSERT INTO bm_menu VALUES ('4028d981396133f20139615e9eb50196', '4028d981396133f201396159d1570159', '010202', 'User Registration', '', '/amUser?menuId=4028d981396133f20139615e9eb50196', 2, 2, '0', '4028d981395d850201395d8e22330010', 'en_SG', NULL, '2012-9-3 20:07:11', '2012-8-26 13:19:14', '0');
INSERT INTO bm_menu VALUES ('4028d981396133f20139615f4e3d01a0', '4028d981396133f20139615a3dce015e', '010301', 'Menu Configuration', '', '/bmMenu?menuId=4028d981396133f20139615f4e3d01a0', 2, 1, '0', '4028d981395d850201395d8e22330010', 'en_SG', NULL, '2012-9-3 20:07:14', '2012-8-26 13:19:59', '0');
INSERT INTO bm_menu VALUES ('4028d981396133f20139615fdf4501ab', '4028d981396133f20139615a3dce015e', '010302', 'Role&Menu', '', '/amRoleMenu?menuId=4028d981396133f20139615fdf4501ab', 2, 3, '0', '4028d981395d850201395d8e22330010', 'en_SG', NULL, '2012-9-3 20:07:17', '2012-8-26 13:20:36', '0');
INSERT INTO bm_menu VALUES ('4028d981396133f201396160377901b7', '', '0201', 'Home', '', '/home?menuId=4028d981396133f201396160377901b7', 1, 1, '0', '4028d981395d850201395d94545e001b', 'en_SG', NULL, '2012-9-3 20:09:11', '2012-8-26 13:20:59', '0');
INSERT INTO bm_menu VALUES ('4028d981396133f201396161c85201c4', '', '0202', 'Encyclopedia', '', '/encyclopedia?menuId=4028d981396133f201396161c85201c4', 1, 2, '0', '4028d981395d850201395d94545e001b', 'en_SG', NULL, '2012-9-3 20:09:20', '2012-8-26 13:22:41', '0');
INSERT INTO bm_menu VALUES ('4028d981396133f2013961620a3901d2', '', '0203', 'Computer', '', '/computer?menuId=4028d981396133f2013961620a3901d2', 1, 3, '0', '4028d981395d850201395d94545e001b', 'en_SG', NULL, '2012-9-3 20:09:30', '2012-8-26 13:22:58', '0');
INSERT INTO bm_menu VALUES ('4028d981396133f20139616283cd01e1', '', '0204', 'English Study', '', '/englishStudy?menuId=4028d981396133f20139616283cd01e1', 1, 4, '0', '4028d981395d850201395d94545e001b', 'en_SG', NULL, '2012-9-3 20:09:40', '2012-8-26 13:23:29', '0');
INSERT INTO bm_menu VALUES ('4028d981396133f201396162c93201f1', '', '0205', 'Music', '', '/music?menuId=4028d981396133f201396162c93201f1', 1, 5, '0', '4028d981395d850201395d94545e001b', 'en_SG', NULL, '2012-9-3 20:09:49', '2012-8-26 13:23:47', '0');
INSERT INTO bm_menu VALUES ('4028d981396d930201396dae75a6010b', '', '04', '内容管理', '', '', 1, 4, '0', '4028d981395d850201395d8f702e0012', 'zh_CN', NULL, '2012-8-28 22:41:53', '2012-8-28 22:41:53', '0');
INSERT INTO bm_menu VALUES ('4028d981396d930201396db14bbd012e', '4028d981396d930201396dae75a6010b', '0402', '图片管理', '', '/cmPhotoCategory?menuId=4028d981396d930201396db14bbd012e', 2, 2, '0', '4028d981395d850201395d8f702e0012', 'zh_CN', NULL, '2012-8-28 23:04:48', '2012-8-28 22:44:59', '0');
INSERT INTO bm_menu VALUES ('4028d981396d930201396db2a3ef0151', '', '0104', 'Content Management', '', '', 1, 4, '0', '4028d981395d850201395d8e22330010', 'en_SG', NULL, '2012-9-3 20:10:16', '2012-8-28 22:46:27', '0');
INSERT INTO bm_menu VALUES ('4028d981396d930201396db3af640176', '4028d981396d930201396db2a3ef0151', '010402', 'Photo Management', '', '/cmPhotoCategory?menuId=4028d981396d930201396db3af640176', 2, 2, '0', '4028d981395d850201395d8e22330010', 'en_SG', NULL, '2012-9-3 20:10:46', '2012-8-28 22:47:36', '0');
INSERT INTO bm_menu VALUES ('4028d981396d930201396dbeda2101ae', '4028d981396d930201396db2a3ef0151', '010401', 'Category Management', '', '/cmCategory?menuId=4028d981396d930201396dbeda2101ae', 2, 1, '0', '4028d981395d850201395d8e22330010', 'en_SG', NULL, '2012-9-3 20:10:29', '2012-8-28 22:59:47', '0');
INSERT INTO bm_menu VALUES ('4028d981396dc11601396dc337e50029', '4028d981396d930201396dae75a6010b', '0401', '分类管理', '', '/cmCategory?menuId=4028d981396dc11601396dc337e50029', 2, 1, '0', '4028d981395d850201395d8f702e0012', 'zh_CN', NULL, '2012-8-28 23:04:34', '2012-8-28 23:04:34', '0');
INSERT INTO bm_menu VALUES ('4028d9813990d8f9013990eac7da001e', '', '0301', 'Popular Website', '/resources/upload/menu/star.bmp', '', 1, 1, '0', '4028d981398ca6b201398cde655a00a3', 'en_SG', NULL, '2012-9-4 18:54:29', '2012-9-4 18:54:29', '0');
INSERT INTO bm_menu VALUES ('4028d9813990d8f9013990ec87970035', '4028d9813990d8f9013990eac7da001e', '030101', 'Google', '/resources/upload/menu/google_logo.png', 'http://www.google.com?menuId=4028d9813990d8f9013990ec87970035', 2, 1, '0', '4028d981398ca6b201398cde655a00a3', 'en_SG', NULL, '2012-9-4 22:24:58', '2012-9-4 18:56:23', '0');
INSERT INTO bm_menu VALUES ('4028d98139913c260139914899d10078', '', '0302', 'Software Developement', '/resources/upload/menu/software_developement.gif', '', 1, 2, '0', '4028d981398ca6b201398cde655a00a3', 'en_SG', NULL, '2012-9-4 20:38:40', '2012-9-4 20:36:57', '0');
INSERT INTO bm_menu VALUES ('4028d98139913c260139914be28300c3', '4028d98139913c260139914899d10078', '030201', 'Jquery', '/resources/upload/menu/jquery_icon.png', 'http://jquery.com', 2, 1, '0', '4028d981398ca6b201398cde655a00a3', 'en_SG', NULL, '2012-9-4 20:40:33', '2012-9-4 20:40:33', '0');
INSERT INTO bm_menu VALUES ('4028d98139918bf3013991b1c2c20075', '4028d9813990d8f9013990eac7da001e', '030102', 'YouTube', '/resources/upload/menu/YouTube_logo.png', 'http://www.youtube.com', 2, 2, '0', '4028d981398ca6b201398cde655a00a3', 'en_SG', NULL, '2012-9-4 22:32:15', '2012-9-4 22:31:49', '0');
INSERT INTO bm_menu VALUES ('4028d98139918bf3013991b8ddf800aa', '4028d9813990d8f9013990eac7da001e', '03013', 'Twitter', '/resources/upload/menu/Twitter_logo.png', 'http://twitter.com', 2, 3, '0', '4028d981398ca6b201398cde655a00a3', 'en_SG', NULL, '2012-9-4 22:39:35', '2012-9-4 22:39:35', '0');
INSERT INTO bm_menu VALUES ('4028d9813991bb0e013991e6ef08000e', '4028d9813990d8f9013990eac7da001e', '030104', 'Facebook', '/resources/upload/menu/facebook_logo.jpg', 'http://www.facebook.com', 2, 4, '0', '4028d981398ca6b201398cde655a00a3', 'en_SG', NULL, '2012-9-4 23:29:54', '2012-9-4 23:29:54', '0');
INSERT INTO bm_menu VALUES ('4028d9813991bb0e013991ed813c002b', '4028d98139913c260139914899d10078', '030202', 'SpringSource', '/resources/upload/menu/springsource_logo.png', 'http://www.springsource.org', 2, 2, '0', '4028d981398ca6b201398cde655a00a3', 'en_SG', NULL, '2012-9-5 00:55:55', '2012-9-4 23:37:05', '0');
INSERT INTO bm_menu VALUES ('4028d9813991bb0e013991f967d900a2', '4028d98139913c260139914899d10078', '030203', 'Hibernate', '/resources/upload/menu/hibernate_logo.png', 'http://www.hibernate.org', 2, 3, '0', '4028d981398ca6b201398cde655a00a3', 'en_SG', NULL, '2012-9-4 23:50:30', '2012-9-4 23:50:05', '0');
INSERT INTO bm_menu VALUES ('4028d9813991bb0e013991fa6fc500df', '4028d98139913c260139914899d10078', '030204', 'sencha', '/resources/upload/menu/Sencha_logo.jpg', 'http://www.sencha.com', 2, 4, '0', '4028d981398ca6b201398cde655a00a3', 'en_SG', NULL, '2012-9-4 23:51:31', '2012-9-4 23:51:12', '0');
INSERT INTO bm_menu VALUES ('4028d9813991bb0e013991fb9b70011e', '4028d98139913c260139914899d10078', '030205', 'W3schools', '/resources/upload/menu/w3schools_logo.jpg', 'http://www.w3schools.com', 2, 5, '0', '4028d981398ca6b201398cde655a00a3', 'en_SG', NULL, '2012-9-4 23:52:29', '2012-9-4 23:52:29', '0');
INSERT INTO bm_menu VALUES ('4028d9813991bb0e01399203d1ac014a', '', '0303', 'Company', '', '', 1, 3, '0', '4028d981398ca6b201398cde655a00a3', 'en_SG', NULL, '2012-9-5 00:01:27', '2012-9-5 00:01:27', '0');
INSERT INTO bm_menu VALUES ('4028d9813991bb0e0139921343de016b', '4028d9813991bb0e01399203d1ac014a', '030301', 'Illume Technology', '/resources/upload/menu/illumeTechnology_logo.bmp', 'http://www.coss.sg?menuId=4028d9813991bb0e0139921343de016b', 2, 1, '0', '4028d981398ca6b201398cde655a00a3', 'en_SG', '4028d98139943adc0139943e5fa60040', '2012-9-6 01:04:00', '2012-9-5 00:18:19', '0');
INSERT INTO bm_menu VALUES ('4028d9813991bb0e0139921bae6401ae', '4028d9813991bb0e01399203d1ac014a', '030302', 'Readyspace', '/resources/upload/menu/readyspace_logo.gif', 'http://www.readyspace.com', 2, 2, '0', '4028d981398ca6b201398cde655a00a3', 'en_SG', NULL, '2012-9-5 00:27:31', '2012-9-5 00:27:31', '0');
INSERT INTO bm_menu VALUES ('4028d9813991bb0e0139921cfbe701d1', '4028d9813991bb0e01399203d1ac014a', '030303', 'Linode', '/resources/upload/menu/linode_logo.png', 'http://www.linode.com', 2, 3, '0', '4028d981398ca6b201398cde655a00a3', 'en_SG', NULL, '2012-9-5 00:28:56', '2012-9-5 00:28:56', '0');
INSERT INTO bm_menu VALUES ('4028d9813991bb0e0139921ec7d401f5', '4028d9813991bb0e01399203d1ac014a', '030304', 'Redoxygen', '/resources/upload/menu/Redoxygen_logo.jpg', 'https://www.redoxygen.net/web_sms', 2, 4, '0', '4028d981398ca6b201398cde655a00a3', 'en_SG', NULL, '2012-9-5 00:30:54', '2012-9-5 00:30:54', '0');
INSERT INTO bm_menu VALUES ('4028d9813991bb0e013992210c03021a', '4028d9813991bb0e01399203d1ac014a', '030305', 'Arvixe', '/resources/upload/menu/Arvixe_logo.gif', 'http://www.arvixe.com', 2, 5, '0', '4028d981398ca6b201398cde655a00a3', 'en_SG', NULL, '2012-9-5 00:33:22', '2012-9-5 00:33:22', '0');
INSERT INTO bm_menu VALUES ('4028d9813991bb0e013992247adc0240', '4028d9813991bb0e01399203d1ac014a', '030306', 'Amazon Web Services', '/resources/upload/menu/aws_logo.png', 'http://aws.amazon.com', 2, 6, '0', '4028d981398ca6b201398cde655a00a3', 'en_SG', NULL, '2012-9-5 00:37:08', '2012-9-5 00:37:07', '0');
INSERT INTO bm_menu VALUES ('4028d9813991bb0e013992293ff90268', '4028d9813991bb0e01399203d1ac014a', '030307', 'Hoiio', '/resources/upload/menu/Hoiio_Logo.png', 'http://content.hoiio.com', 2, 7, '0', '4028d981398ca6b201398cde655a00a3', 'en_SG', NULL, '2012-9-5 00:42:20', '2012-9-5 00:42:20', '0');
INSERT INTO bm_menu VALUES ('4028d9813991bb0e01399230fffd029d', '4028d9813990d8f9013990eac7da001e', '030105', 'Linkedin', '/resources/upload/menu/linkedin_logo.png', 'http://www.linkedin.com', 2, 5, '0', '4028d981398ca6b201398cde655a00a3', 'en_SG', NULL, '2012-9-5 00:50:48', '2012-9-5 00:50:48', '0');
INSERT INTO bm_menu VALUES ('4028d9813998f1950139990c02f40018', '4028d9813990d8f9013990eac7da001e', '030106', 'Vimeo', '/resources/upload/menu/vimeo_logo.gif', 'http://vimeo.com', 2, 6, '0', '4028d981398ca6b201398cde655a00a3', 'en_SG', '', '2012-9-6 08:47:44', '2012-9-6 08:47:44', '0');
INSERT INTO bm_menu VALUES ('4028d9813998f1950139991390d40093', '', '0301', '常用网址', '', '', 1, 1, '0', '4028d981398ca6b201398cdf058200a9', 'zh_CN', '', '2012-9-6 08:55:59', '2012-9-6 08:55:59', '0');
INSERT INTO bm_menu VALUES ('4028d98139991cae013999219a710038', '4028d9813998f1950139991390d40093', '030102', '新浪微博', '/resources/upload/menu/sina_logo.png', 'http://www.weibo.com?menuId=4028d98139991cae013999219a710038', 2, 2, '0', '4028d981398ca6b201398cdf058200a9', 'zh_CN', '', '2012-9-6 09:14:26', '2012-9-6 09:11:19', '0');
INSERT INTO bm_menu VALUES ('4028d98139991cae013999256e0d00a8', '4028d9813998f1950139991390d40093', '030101', '百度', '/resources/upload/menu/baidu_logo.png', 'http://www.baidu.com', 2, 1, '0', '4028d981398ca6b201398cdf058200a9', 'zh_CN', '', '2012-9-6 09:15:30', '2012-9-6 09:15:30', '0');
INSERT INTO bm_menu VALUES ('4028d98139991cae0139992a7ce900ab', '4028d9813998f1950139991390d40093', '030103', '腾讯', '/resources/upload/menu/tengxun_logo.png', 'http://www.qq.com', 2, 3, '0', '4028d981398ca6b201398cdf058200a9', 'zh_CN', '', '2012-9-6 09:21:02', '2012-9-6 09:21:02', '0');
INSERT INTO bm_menu VALUES ('4028d98139991cae0139992f763200c5', '4028d9813998f1950139991390d40093', '030104', '天涯', '/resources/upload/menu/tianya_logo.png', 'http://focus.tianya.cn', 2, 4, '0', '4028d981398ca6b201398cdf058200a9', 'zh_CN', '', '2012-9-6 09:26:28', '2012-9-6 09:26:28', '0');

INSERT INTO cm_category VALUES ('4028d981396e0fae01396e191d490004', NULL, '01', '图片分类', '0', NULL, 'zh_CN', NULL, NULL, '2012-8-29 00:38:23', '2012-8-29 00:39:06', '0');
INSERT INTO cm_category VALUES ('4028d981396e0fae01396e1c43750009', '4028d981396e0fae01396e191d490004', '0101', '首页滚动图片', '1', NULL, 'zh_CN', NULL, NULL, '2012-8-29 00:41:49', '2012-8-29 00:41:57', '0');
INSERT INTO cm_category VALUES ('4028d981396e0fae01396e20b38f0011', NULL, '01', 'Photo Category', '0', NULL, 'en_SG', NULL, NULL, '2012-8-29 00:46:40', '2012-8-29 00:46:40', '0');
INSERT INTO cm_category VALUES ('4028d981396e0fae01396e2142d80012', '4028d981396e0fae01396e20b38f0011', '0101', 'Home Photo Scrolled', '0', NULL, 'en_SG', NULL, NULL, '2012-8-29 00:47:17', '2012-8-29 00:47:35', '0');
INSERT INTO cm_category VALUES ('4028d9813973151f013973262aae0028', '4028d981396e0fae01396e20b38f0011', '0102', 'category1', '0', NULL, 'en_SG', NULL, NULL, '2012-8-30 00:10:44', '2012-8-30 00:10:44', '0');
INSERT INTO cm_category VALUES ('4028d9813973151f0139732651cd002b', '4028d981396e0fae01396e20b38f0011', '0103', 'category2', '0', NULL, 'en_SG', NULL, NULL, '2012-8-30 00:10:54', '2012-8-30 00:10:54', '0');
INSERT INTO cm_category VALUES ('4028d9813973151f013973266d97002f', '4028d981396e0fae01396e20b38f0011', '0104', 'category3', '0', NULL, 'en_SG', NULL, NULL, '2012-8-30 00:11:01', '2012-8-30 00:11:01', '0');
INSERT INTO cm_category VALUES ('4028d9813973151f01397326f154003d', '4028d981396e0fae01396e20b38f0011', '0105', 'category4', '0', NULL, 'en_SG', NULL, NULL, '2012-8-30 00:11:35', '2012-8-30 00:11:35', '0');
INSERT INTO cm_category VALUES ('4028d9813973151f01397327297a004e', '4028d981396e0fae01396e20b38f0011', '0106', 'category5', '0', NULL, 'en_SG', NULL, NULL, '2012-8-30 00:11:50', '2012-8-30 00:11:50', '0');
INSERT INTO cm_category VALUES ('4028d9813989ed2f01398a0273f30087', '4028d9813973151f013973262aae0028', '010201', 'category11', '0', NULL, 'en_SG', NULL, NULL, '2012-9-3 10:43:00', '2012-9-3 10:46:54', '0');
INSERT INTO cm_category VALUES ('4028d9813989ed2f01398a02b5e1008f', '4028d9813989ed2f01398a0273f30087', '01020101', 'category111', '0', NULL, 'en_SG', NULL, NULL, '2012-9-3 10:43:17', '2012-9-3 10:47:19', '0');
INSERT INTO cm_category VALUES ('4028d9813989ed2f01398a06c0fd00c6', '4028d9813989ed2f01398a0273f30087', '01020102', 'category112', '0', NULL, 'en_SG', NULL, NULL, '2012-9-3 10:47:42', '2012-9-3 10:47:42', '0');

INSERT INTO cm_photo VALUES ('4028d9813995f34a013995f804360039', 'cloud_integration.jpg', 'Cloud Computing', '/resources/upload/photo/cloud_integration.jpg', 'cloud', 2, NULL, 'en_SG', '', NULL, NULL, '2012-9-5 18:27:02', '2012-9-5 18:51:36', '0');
INSERT INTO cm_photo VALUES ('4028d9813995f34a013995f837ce0040', 'what_we_do.jpg', 'Software Development', '/resources/upload/photo/what_we_do.jpg', 'software', 3, NULL, 'en_SG', '', NULL, NULL, '2012-9-5 18:27:16', '2012-9-5 18:52:06', '0');
INSERT INTO cm_photo VALUES ('4028d9813995f34a013995fd5ac9004b', 'musical_musings.jpg', 'Music', '/resources/upload/photo/musical_musings.jpg', 'music', 4, NULL, 'en_SG', '', NULL, NULL, '2012-9-5 18:32:52', '2012-9-5 18:52:26', '0');
INSERT INTO cm_photo VALUES ('4028d9813995f34a0139960631260057', 'singapor01.jpg', 'I live in Singapore from November 2011 to now', '/resources/upload/photo/singapor01.jpg', 'singapore', 1, NULL, 'en_SG', '', NULL, NULL, '2012-9-5 18:42:31', '2012-9-5 19:09:35', '0');
INSERT INTO cm_photo VALUES ('4028d9813995f34a0139961943ff0103', 'xiamen1.jpg', '2003年-2010年生活在美丽的厦门', '/resources/upload/photo/xiamen1.jpg', 'xiamen', 1, NULL, 'zh_CN', '', NULL, NULL, '2012-9-5 19:03:21', '2012-9-5 19:06:37', '0');
INSERT INTO cm_photo VALUES ('4028d9813995f34a0139961a3c55011a', 'beijing.jpg', '2010年-2011年生活在帝都北京', '/resources/upload/photo/beijing.jpg', 'beijing', 2, NULL, 'zh_CN', '', NULL, NULL, '2012-9-5 19:04:25', '2012-9-5 19:06:51', '0');

INSERT INTO cm_photo_category VALUES ('4028d9813995f34a013995f80498003a', '4028d9813995f34a013995f804360039', '4028d981396e0fae01396e2142d80012', NULL, '2012-9-5 18:27:02', '2012-9-5 18:27:02', '0');
INSERT INTO cm_photo_category VALUES ('4028d9813995f34a013995f837ed0041', '4028d9813995f34a013995f837ce0040', '4028d981396e0fae01396e2142d80012', NULL, '2012-9-5 18:27:16', '2012-9-5 18:27:16', '0');
INSERT INTO cm_photo_category VALUES ('4028d9813995f34a013995fd5ada004c', '4028d9813995f34a013995fd5ac9004b', '4028d981396e0fae01396e2142d80012', NULL, '2012-9-5 18:32:52', '2012-9-5 18:32:52', '0');
INSERT INTO cm_photo_category VALUES ('4028d9813995f34a01399606315a0058', '4028d9813995f34a0139960631260057', '4028d981396e0fae01396e2142d80012', NULL, '2012-9-5 18:42:31', '2012-9-5 18:42:31', '0');
INSERT INTO cm_photo_category VALUES ('4028d9813995f34a01399619440b0104', '4028d9813995f34a0139961943ff0103', '4028d981396e0fae01396e1c43750009', NULL, '2012-9-5 19:03:21', '2012-9-5 19:03:21', '0');
INSERT INTO cm_photo_category VALUES ('4028d9813995f34a0139961a3c60011b', '4028d9813995f34a0139961a3c55011a', '4028d981396e0fae01396e1c43750009', NULL, '2012-9-5 19:04:25', '2012-9-5 19:04:25', '0');
